[null,{"name":"--- BOT ---","temp":"","event-type":"0","_id":"AfAcH","actions":[]},{"name":"game","temp":"","event-type":"1","actions":[{"gameName":"Pride is a loli! also do |help","gameLink":"","name":"Set Bot Game"}],"_id":"pfLXb"},{"name":"--- MEMBERS ---","temp":"","event-type":"0","_id":"AmUIG","actions":[]},{"name":"welcome","temp":"mem","event-type":"6","actions":[{"info":"1","find":"welcome","storage":"1","varName":"mem2","name":"Find Channel"},{"title":"","author":"","color":"#800000","timestamp":"false","url":"","authorIcon":"","imageUrl":"","thumbUrl":"","storage":"1","varName":"welcome1","name":"Create Embed Message"},{"storage":"1","varName":"welcome1","message":"Welcome to the Cardinal Sins server ${tempVars(\"mem\")}!\n\n`To get more information just do |help\nif you have any questions or bugs message a Sin and they will reply\nto your message.\n\n\nThis bot was made by Envy (Freaking).\n`","name":"Set Embed Description"},{"storage":"1","varName":"welcome1","channel":"4","varName2":"","name":"Send Embed Message"}],"_id":"FoHKO"}]